{"cameraMode":{"drawMode":0,"name":"Shaded","section":"Shading Mode"},"sceneLighting":true,"audioPlay":false,"sceneViewState":{"m_AlwaysRefresh":false,"showFog":true,"showSkybox":true,"showFlares":true,"showImageEffects":true,"showParticleSystems":true,"showVisualEffectGraphs":true,"m_FxEnabled":true},"in2DMode":false,"pivot":{"x":-13.912679672241211,"y":-1.9297356605529786,"z":15.946362495422364},"rotation":{"x":0.11623741686344147,"y":-0.7149128317832947,"z":0.12267985194921494,"w":0.6785336136817932},"size":15.244217872619629,"orthographic":false}