{"cameraMode":{"drawMode":0,"name":"Shaded","section":"Shading Mode"},"sceneLighting":true,"audioPlay":false,"sceneViewState":{"m_AlwaysRefresh":false,"showFog":true,"showSkybox":true,"showFlares":true,"showImageEffects":true,"showParticleSystems":true,"showVisualEffectGraphs":true,"m_FxEnabled":true},"in2DMode":false,"pivot":{"x":-21.981325149536134,"y":11.827444076538086,"z":12.09196662902832},"rotation":{"x":0.0581747367978096,"y":0.7159771919250488,"z":0.06003101170063019,"w":-0.6931324005126953},"size":17.893308639526368,"orthographic":false}