{"cameraMode":{"drawMode":0,"name":"Shaded","section":"Shading Mode"},"sceneLighting":false,"audioPlay":false,"sceneViewState":{"m_AlwaysRefresh":false,"showFog":true,"showSkybox":false,"showFlares":true,"showImageEffects":true,"showParticleSystems":true,"showVisualEffectGraphs":true,"m_FxEnabled":true},"in2DMode":false,"pivot":{"x":-3.2924742698669435,"y":0.4102913439273834,"z":-0.02313561737537384},"rotation":{"x":0.009262006729841233,"y":0.7142500281333923,"z":0.009390782564878464,"w":-0.6998077630996704},"size":2.2643754482269289,"orthographic":false}