{"cameraMode":{"drawMode":0,"name":"Shaded","section":"Shading Mode"},"sceneLighting":false,"audioPlay":false,"sceneViewState":{"m_AlwaysRefresh":false,"showFog":true,"showSkybox":false,"showFlares":true,"showImageEffects":true,"showParticleSystems":true,"showVisualEffectGraphs":true,"m_FxEnabled":true},"in2DMode":false,"pivot":{"x":2.247624397277832,"y":0.7420497536659241,"z":2.7583248615264894},"rotation":{"x":-0.011956589296460152,"y":0.9855223894119263,"z":0.08063390851020813,"w":0.14947769045829774},"size":0.8660253882408142,"orthographic":false}