{"cameraMode":{"drawMode":0,"name":"Shaded","section":"Shading Mode"},"sceneLighting":false,"audioPlay":false,"sceneViewState":{"m_AlwaysRefresh":false,"showFog":true,"showSkybox":false,"showFlares":true,"showImageEffects":true,"showParticleSystems":true,"showVisualEffectGraphs":true,"m_FxEnabled":true},"in2DMode":false,"pivot":{"x":-0.8042910099029541,"y":0.7790988683700562,"z":0.4621275067329407},"rotation":{"x":-0.09168938547372818,"y":0.6967902779579163,"z":-0.09067472815513611,"w":-0.7056273221969605},"size":1.0306451320648194,"orthographic":false}