{"cameraMode":{"drawMode":0,"name":"Shaded","section":"Shading Mode"},"sceneLighting":false,"audioPlay":false,"sceneViewState":{"m_AlwaysRefresh":false,"showFog":true,"showSkybox":false,"showFlares":true,"showImageEffects":true,"showParticleSystems":true,"showVisualEffectGraphs":true,"m_FxEnabled":true},"in2DMode":false,"pivot":{"x":-0.07201868295669556,"y":1.1831753253936768,"z":0.07702329754829407},"rotation":{"x":0.005857189651578665,"y":-0.6523686647415161,"z":0.005165130365639925,"w":0.7579089999198914},"size":0.90739506483078,"orthographic":false}