{"cameraMode":{"drawMode":0,"name":"Shaded","section":"Shading Mode"},"sceneLighting":false,"audioPlay":false,"sceneViewState":{"m_AlwaysRefresh":false,"showFog":true,"showSkybox":false,"showFlares":true,"showImageEffects":true,"showParticleSystems":true,"showVisualEffectGraphs":true,"m_FxEnabled":true},"in2DMode":false,"pivot":{"x":-0.268293172121048,"y":0.16079416871070863,"z":-0.21299809217453004},"rotation":{"x":-0.0016397550934925676,"y":0.8617181181907654,"z":-0.0028754142113029958,"w":-0.507429838180542},"size":0.6204460859298706,"orthographic":false}