{"cameraMode":{"drawMode":0,"name":"Shaded","section":"Shading Mode"},"sceneLighting":false,"audioPlay":false,"sceneViewState":{"m_AlwaysRefresh":false,"showFog":true,"showSkybox":false,"showFlares":true,"showImageEffects":true,"showParticleSystems":true,"showVisualEffectGraphs":true,"m_FxEnabled":true},"in2DMode":false,"pivot":{"x":-0.24686792492866517,"y":1.350251317024231,"z":-0.2678367495536804},"rotation":{"x":-0.0016397550934925676,"y":0.8617181181907654,"z":-0.0028754142113029958,"w":-0.507429838180542},"size":1.5204460620880128,"orthographic":false}