{"cameraMode":{"drawMode":0,"name":"Shaded","section":"Shading Mode"},"sceneLighting":false,"audioPlay":false,"sceneViewState":{"m_AlwaysRefresh":false,"showFog":true,"showSkybox":false,"showFlares":true,"showImageEffects":true,"showParticleSystems":true,"showVisualEffectGraphs":true,"m_FxEnabled":true},"in2DMode":false,"pivot":{"x":4.389999866485596,"y":8.470000267028809,"z":48.79999923706055},"rotation":{"x":-0.11316575109958649,"y":0.008137807250022889,"z":-0.0009943475015461445,"w":-0.993623673915863},"size":5.408315658569336,"orthographic":false}